{"0": [[20.851048157309677, 24.438774775338942], [26.09513714551369, 62.524379358437926], [43.3692739189252, 22.974028548770814], [49.95858121977523, 52.863618968096574], [77.23982051378871, 14.169287845032665], [71.69802732478789, 30.21611721611721], [67.56741146588553, 54.813251165370744], [82.58308575955633, 69.0171816201228], [99.06860491563248, 26.89493297510911], [100.54734102305756, 55.86423930792481]], "1": [[23.593794809402265, 21.78073173073316], [22.092328335464526, 58.45454255537086], [49.66192510644988, 15.180700183080086], [51.12455651487589, 39.99411791294965], [49.200700920903984, 65.24799188176347], [76.82678287011937, 13.548185730889651], [78.02223587454132, 42.36236152150818], [74.26915906708707, 68.33792430063629], [101.99297181869025, 23.31832002584], [99.80896440989413, 61.61345728443721]], "2": [[24.72448901265644, 38.259278994626825], [53.81293480421388, 14.19562462731068], [43.98251663641864, 26.442731829573926], [42.16630479021785, 51.214391003521456], [47.671896625146395, 68.55066938145428], [77.0036525974026, 12.584151785714294], [82.317760755322, 36.885056856981684], [77.88052208835342, 67.59549134036145], [102.20859869297371, 19.90903263403265], [102.91152852682376, 60.23618932727789]], "3": [[18.019565217391346, 60.302173913043454], [33.630111524163596, 26.77881040892192], [52.8238341968912, 59.80569948186526], [60.32903225806451, 14.635483870967715], [83.55527638190954, 15.351758793969811], [65.95805739514348, 38.05298013245033], [77.18859649122805, 65.68201754385962], [104.45876010781674, 17.536388140161694], [93.3607142857143, 42.67946428571429], [101.24398625429555, 65.22336769759448]], "4": [[26.823159112562966, 34.159702372850596], [44.85269598522302, 17.1623241158255], [50.41343201526907, 41.08118439068919], [39.94887366416988, 66.53023944190441], [78.03399476367645, 10.249886316659767], [78.85914407230196, 35.49500265816055], [72.55868743516265, 65.35020902022411], [100.61283157775513, 17.39615471740853], [101.51674347158219, 46.52549347158218], [96.4372906894101, 67.59675835110163]], "5": [[21.747218788219662, 20.702004720647167], [25.55969641146272, 62.69825004228968], [47.69789974827828, 22.53345283771909], [48.78217120725111, 57.282658163615075], [70.69101501867848, 14.42095636345359], [68.64664795103408, 43.16560052491454], [72.67502458214781, 67.93981182839305], [96.25170719638274, 13.190080763080525], [96.32764580079636, 38.77612019495795], [98.27048414380393, 66.03068198489565]], "6": [[27.87273350200294, 11.858818258486156], [27.36867729831143, 36.91969355847405], [28.07037090768411, 65.03457130422166], [53.497588197683164, 17.724781856476575], [50.88621502102363, 60.41656517326372], [78.78382303180689, 11.339626099706708], [66.15842391304348, 43.06583333333333], [74.34092829530861, 70.3633805065969], [101.6020529767525, 21.55539464618368], [96.4523298731257, 56.96905420991926]], "7": [[15.019172932330818, 19.0466165413534], [15.785185185185185, 59.087654320987646], [41.436860068259385, 14.59044368600685], [46.434673366834176, 41.38442211055276], [38.302919708029194, 66.03284671532846], [68.5241935483871, 13.94354838709679], [71.65182186234817, 42.935222672064775], [86.83805668016196, 69.2914979757085], [60.64721485411141, 69.87798408488067], [102.2096385542169, 30.456024096385534]], "8": [[17.156462585034028, 15.758503401360539], [22.63636363636364, 36.76606060606061], [17.858895705521483, 65.49386503067483], [47.056022408963585, 14.299719887955163], [54.065714285714286, 41.642857142857146], [45.57446808510639, 66.54521276595742], [75.85748792270532, 19.458937198067627], [73.74418604651164, 64.14728682170542], [100.80000000000001, 30.175627240143378], [100.86210045662104, 64.25844748858447]], "9": [[23.63140495867769, 33.01818181818182], [24.326291079812222, 63.20140845070422], [35.30392156862747, 9.416666666666679], [54.8076923076923, 29.819711538461537], [49.08695652173913, 50.10869565217392], [58.92307692307692, 70.36842105263159], [72.41414141414143, 11.060606060606055], [70.1827676240209, 45.35248041775457], [102.47679324894514, 36.632067510548524], [90.2996389891697, 68.08664259927798]]}